<?xml version="1.0" encoding="UTF-8"?>
<events>
    <!-- Quantum Leap Conference -->
    <event id="quantum-leap">
        <title>Quantum Leap Conference</title>
        <date>2023-10-15</date>
        <location>Colombo</location>
        <price>25000</price>
        <image>../events/quantum-leap.jpg</image>
        <description>
            <overview>Exploring the frontiers of quantum computing and its applications in modern technology. This conference brings together leading experts to demonstrate how quantum principles are being applied to solve real-world problems. </overview>
            <why-matters>Quantum computing will revolutionize industries from pharmaceuticals to finance within 3-5 years. Understanding these technologies now will position you at the forefront of this transformation.</why-matters>
            <professionals>
                <professional>Dr. Sarah Chen - Senior Quantum Researcher at QuantumCore</professional>
                <professional>Mark Williams - Venture Capitalist specializing in Deep Tech</professional>
                <professional>Priya Fernando - Head of AI Research, University of Colombo</professional>
                <professional>James Wilson - Quantum Security Expert</professional>
            </professionals>
        </description>
    </event>

    <!-- AI Revolution Summit -->
    <event id="ai-revolution">
        <title>AI Revolution Summit</title>
        <date>2023-08-22</date>
        <location>Kandy</location>
        <price>18000</price>
        <image>../events/ai-summit.jpg</image>
        <description>
            <overview>The definitive event on artificial intelligence and machine learning advancements, featuring hands-on workshops and case studies from industry leaders implementing AI at scale.</overview>
            <why-matters>AI adoption is accelerating across all sectors. This summit will help you identify practical applications for your business and avoid costly implementation mistakes.</why-matters>
            <professionals>
                <professional>Dr. Amit Patel - Chief AI Scientist, TechNova</professional>
                <professional>Lisa Zhang - AI Product Lead at FutureSystems</professional>
                <professional>Prof. Rajiv Perera - Machine Learning Chair, Sri Lanka Tech Institute</professional>
                <professional>David Miller - AI Ethics Consultant</professional>
            </professionals>
        </description>
    </event>

    <!-- Future Tech Expo -->
    <event id="future-tech">
        <title>Future Tech Expo</title>
        <date>2023-05-10</date>
        <location>Galle</location>
        <price>15000</price>
        <image>../events/future-tech.jpg</image>
        <description>
            <overview>A showcase of emerging technologies that will shape our future, including robotics, IoT, augmented reality, and next-generation computing platforms.</overview>
            <why-matters>The convergence of these technologies is creating unprecedented opportunities. Early understanding gives you competitive advantage in the new tech landscape.</why-matters>
            <professionals>
                <professional>Emma Thompson - Robotics Pioneer</professional>
                <professional>Sanjay Gupta - IoT Solutions Architect</professional>
                <professional>Nadia Hassan - AR/VR Development Lead</professional>
                <professional>Chris Wilson - Tech Futurist and Author</professional>
            </professionals>
        </description>
    </event>
</events>